Workbook

Sheet Dashboard
B2: STUDY PROGRESS — DASHBOARD
B3: Auto-updates from the Tracker sheet
B5: Total Topics | C5: =COUNTA(Tracker!$A$4:$A$203) | E5: Overall Progress | F5: =IFERROR(AVERAGE(Tracker!$I$4:$I$203),0)
B6: Completed | C6: =COUNTIF(Tracker!$D$4:$D$203,"Completed") | E6: Hours Planned | F6: =SUM(Tracker!$G$4:$G$203)
B7: In Progress | C7: =COUNTIF(Tracker!$D$4:$D$203,"In Progress") | E7: Hours Done | F7: =SUM(Tracker!$H$4:$H$203)
B8: Not Started | C8: =COUNTIF(Tracker!$D$4:$D$203,"Not Started") | E8: Hours Remaining | F8: =MAX(0,SUM(Tracker!$G$4:$G$203)-SUM(Tracker!$H$4:$H$203))
B9: On Hold / Revising | C9: =COUNTIF(Tracker!$D$4:$D$203,"On Hold")+COUNTIF(Tracker!$D$4:$D$203,"Revising") | E9: Overdue Topics | F9: =SUMPRODUCT(--(Tracker!$F$4:$F$203<>""),--(Tracker!$F$4:$F$203<TODAY()),--(Tracker!$D$4:$D$203<>"Completed"))
B11: PROGRESS BY SUBJECT
B12: Subject | C12: Topics | D12: Done | E12: Avg Progress
C13: =IF($B13="","",COUNTIF(Tracker!$A$4:$A$203,$B13)) | D13: =IF($B13="","",COUNTIFS(Tracker!$A$4:$A$203,$B13,Tracker!$D$4:$D$203,"Completed")) | E13: =IF($B13="","",IFERROR(AVERAGEIF(Tracker!$A$4:$A$203,$B13,Tracker!$I$4:$I$203),0))
C14: =IF($B14="","",COUNTIF(Tracker!$A$4:$A$203,$B14)) | D14: =IF($B14="","",COUNTIFS(Tracker!$A$4:$A$203,$B14,Tracker!$D$4:$D$203,"Completed")) | E14: =IF($B14="","",IFERROR(AVERAGEIF(Tracker!$A$4:$A$203,$B14,Tracker!$I$4:$I$203),0))
C15: =IF($B15="","",COUNTIF(Tracker!$A$4:$A$203,$B15)) | D15: =IF($B15="","",COUNTIFS(Tracker!$A$4:$A$203,$B15,Tracker!$D$4:$D$203,"Completed")) | E15: =IF($B15="","",IFERROR(AVERAGEIF(Tracker!$A$4:$A$203,$B15,Tracker!$I$4:$I$203),0))
C16: =IF($B16="","",COUNTIF(Tracker!$A$4:$A$203,$B16)) | D16: =IF($B16="","",COUNTIFS(Tracker!$A$4:$A$203,$B16,Tracker!$D$4:$D$203,"Completed")) | E16: =IF($B16="","",IFERROR(AVERAGEIF(Tracker!$A$4:$A$203,$B16,Tracker!$I$4:$I$203),0))
C17: =IF($B17="","",COUNTIF(Tracker!$A$4:$A$203,$B17)) | D17: =IF($B17="","",COUNTIFS(Tracker!$A$4:$A$203,$B17,Tracker!$D$4:$D$203,"Completed")) | E17: =IF($B17="","",IFERROR(AVERAGEIF(Tracker!$A$4:$A$203,$B17,Tracker!$I$4:$I$203),0))
C18: =IF($B18="","",COUNTIF(Tracker!$A$4:$A$203,$B18)) | D18: =IF($B18="","",COUNTIFS(Tracker!$A$4:$A$203,$B18,Tracker!$D$4:$D$203,"Completed")) | E18: =IF($B18="","",IFERROR(AVERAGEIF(Tracker!$A$4:$A$203,$B18,Tracker!$I$4:$I$203),0))
C19: =IF($B19="","",COUNTIF(Tracker!$A$4:$A$203,$B19)) | D19: =IF($B19="","",COUNTIFS(Tracker!$A$4:$A$203,$B19,Tracker!$D$4:$D$203,"Completed")) | E19: =IF($B19="","",IFERROR(AVERAGEIF(Tracker!$A$4:$A$203,$B19,Tracker!$I$4:$I$203),0))
C20: =IF($B20="","",COUNTIF(Tracker!$A$4:$A$203,$B20)) | D20: =IF($B20="","",COUNTIFS(Tracker!$A$4:$A$203,$B20,Tracker!$D$4:$D$203,"Completed")) | E20: =IF($B20="","",IFERROR(AVERAGEIF(Tracker!$A$4:$A$203,$B20,Tracker!$I$4:$I$203),0))
B22: Tip: add your own subjects in column B above — the counts and progress fill in automatically.

Sheet Tracker
A1: STUDY PROGRESS TRACKER
A2: Fill in your subjects and topics below. Status, Priority and Confidence are dropdowns. Progress % auto-fills from Status (override any cell to a manual number if you like).
A3: Subject | B3: Topic / Chapter | C3: Priority | D3: Status | E3: Planned Date | F3: Deadline | G3: Hours Planned | H3: Hours Done | I3: Progress % | J3: Confidence | K3: Notes
I4: =IF($A4="","",IF(D4="Completed",1,IF(D4="Revising",0.9,IF(D4="In Progress",IF($G4>0,MIN(1,$H4/$G4),0.5),IF(D4="On Hold",0.25,0)))))
I5: =IF($A5="","",IF(D5="Completed",1,IF(D5="Revising",0.9,IF(D5="In Progress",IF($G5>0,MIN(1,$H5/$G5),0.5),IF(D5="On Hold",0.25,0)))))
I6: =IF($A6="","",IF(D6="Completed",1,IF(D6="Revising",0.9,IF(D6="In Progress",IF($G6>0,MIN(1,$H6/$G6),0.5),IF(D6="On Hold",0.25,0)))))
I7: =IF($A7="","",IF(D7="Completed",1,IF(D7="Revising",0.9,IF(D7="In Progress",IF($G7>0,MIN(1,$H7/$G7),0.5),IF(D7="On Hold",0.25,0)))))
I8: =IF($A8="","",IF(D8="Completed",1,IF(D8="Revising",0.9,IF(D8="In Progress",IF($G8>0,MIN(1,$H8/$G8),0.5),IF(D8="On Hold",0.25,0)))))
I9: =IF($A9="","",IF(D9="Completed",1,IF(D9="Revising",0.9,IF(D9="In Progress",IF($G9>0,MIN(1,$H9/$G9),0.5),IF(D9="On Hold",0.25,0)))))
I10: =IF($A10="","",IF(D10="Completed",1,IF(D10="Revising",0.9,IF(D10="In Progress",IF($G10>0,MIN(1,$H10/$G10),0.5),IF(D10="On Hold",0.25,0)))))
I11: =IF($A11="","",IF(D11="Completed",1,IF(D11="Revising",0.9,IF(D11="In Progress",IF($G11>0,MIN(1,$H11/$G11),0.5),IF(D11="On Hold",0.25,0)))))
I12: =IF($A12="","",IF(D12="Completed",1,IF(D12="Revising",0.9,IF(D12="In Progress",IF($G12>0,MIN(1,$H12/$G12),0.5),IF(D12="On Hold",0.25,0)))))
I13: =IF($A13="","",IF(D13="Completed",1,IF(D13="Revising",0.9,IF(D13="In Progress",IF($G13>0,MIN(1,$H13/$G13),0.5),IF(D13="On Hold",0.25,0)))))
I14: =IF($A14="","",IF(D14="Completed",1,IF(D14="Revising",0.9,IF(D14="In Progress",IF($G14>0,MIN(1,$H14/$G14),0.5),IF(D14="On Hold",0.25,0)))))
I15: =IF($A15="","",IF(D15="Completed",1,IF(D15="Revising",0.9,IF(D15="In Progress",IF($G15>0,MIN(1,$H15/$G15),0.5),IF(D15="On Hold",0.25,0)))))
... I203: =IF($A203="","",IF(D203="Completed",1,IF(D203="Revising",0.9,IF(D203="In Progress",IF($G203>0,MIN(1,$H203/$G203),0.5),IF(D203="On Hold",0.25,0)))))

Sheet Weekly Schedule
A1: WEEKLY STUDY SCHEDULE
A2: Time | B2: Monday | C2: Tuesday | D2: Wednesday | E2: Thursday | F2: Friday | G2: Saturday | H2: Sunday
A3: 06:00 - 08:00
A4: 08:00 - 10:00
A5: 10:00 - 12:00
A6: 12:00 - 14:00
A7: 14:00 - 16:00
A8: 16:00 - 18:00
A9: 18:00 - 20:00
A10: 20:00 - 22:00

Sheet Lists
A1: Status | B1: Priority | C1: Confidence
A2: Not Started | B2: High | C2: 1 - Shaky
A3: In Progress | B3: Medium | C3: 2 - Weak
A4: Completed | B4: Low | C4: 3 - OK
A5: On Hold | C5: 4 - Good
A6: Revising | C6: 5 - Strong
